brand,ram_gb,storage_gb,battery_mah,primary_camera_mp,front_camera_mp,screen_size_inch,weight_g,fiveg,price_inr
Oppo,3,64,4814,50,12,6.79,196,0,17009
OnePlus,3,64,5648,108,16,5.62,215,1,21954
Realme,3,64,5426,64,32,6.26,187,0,11985
Oppo,12,256,4201,108,16,6.24,181,1,37203
Xiaomi,8,32,4450,50,8,5.48,166,1,27006
Motorola,12,128,5756,64,16,6.24,213,0,24409
Realme,8,512,3306,12,32,5.4,191,0,24021
Realme,12,128,3778,12,12,5.23,181,1,26595
Oppo,12,128,5551,50,32,6.33,171,1,34624
Apple,6,32,5315,108,16,5.22,165,1,20554
Xiaomi,12,32,3007,48,16,6.89,164,1,28705
Oppo,4,32,5555,50,32,5.35,214,0,16647
Xiaomi,6,64,3475,64,16,6.13,162,1,17419
Xiaomi,12,256,4320,64,8,5.78,196,1,30049
Motorola,3,64,5211,12,32,5.24,191,0,14812
Realme,4,256,3484,64,12,5.05,226,1,15340
OnePlus,4,256,5614,50,32,6.18,170,0,21909
Motorola,4,128,3904,64,8,6.53,203,0,16892
Motorola,6,128,3558,50,8,6.6,210,0,15682
Xiaomi,12,256,4967,48,8,5.92,172,1,33730
Vivo,12,256,5285,12,8,6.48,224,1,34505
Realme,3,64,4127,64,8,6.28,141,1,13159
Apple,3,64,4233,50,12,6.38,157,1,14241
Motorola,4,128,5601,108,16,5.94,186,1,16390
OnePlus,3,32,5875,12,8,6.2,172,0,15581
Vivo,6,256,3467,48,8,6.53,223,0,17287
Vivo,12,64,5433,50,32,5.76,174,0,29033
Apple,4,128,5822,48,12,6.53,190,0,16835
Motorola,3,64,3847,48,12,6.12,157,1,11560
OnePlus,6,256,5434,64,16,5.32,227,1,27445
Realme,6,256,5924,64,12,5.05,211,1,27819
Samsung,3,512,3258,50,32,5.69,169,0,19111
OnePlus,12,32,3282,108,32,6.04,183,1,28342
Apple,3,512,4649,50,16,6.6,192,1,16984
Vivo,4,128,4898,108,32,5.24,149,0,19830
Realme,3,64,3039,48,8,6.52,226,1,13672
OnePlus,6,128,5533,12,8,6.64,191,1,24733
Samsung,3,256,5976,50,32,5.29,188,1,24150
Samsung,12,512,5267,50,16,6.62,150,1,33304
Xiaomi,8,512,4014,108,12,6.88,205,1,24810
Xiaomi,3,512,3612,48,16,6.38,197,0,21972
Oppo,12,128,5975,48,12,6.49,229,1,36164
Apple,12,256,4915,108,32,6.89,175,0,35739
Motorola,6,64,3687,48,32,6.15,172,0,12871
OnePlus,12,64,3612,64,8,5.58,186,1,27428
OnePlus,12,128,5307,12,12,6.59,152,1,31512
Motorola,12,512,5413,50,16,6.17,179,1,37747
Oppo,12,32,4781,12,32,6.1,228,1,30406
Vivo,4,128,4810,50,16,5.48,207,1,20525
Vivo,4,128,5591,64,8,6.44,181,1,18095
Oppo,6,256,5696,48,12,5.16,158,1,21277
Vivo,3,64,4547,108,12,6.76,221,0,15164
Xiaomi,12,128,4930,64,32,5.62,158,1,35304
OnePlus,3,128,5861,12,12,5.24,197,0,15614
Oppo,3,512,4152,108,32,5.84,162,1,25155
OnePlus,6,512,3574,48,8,5.08,193,0,19292
Motorola,12,32,4910,64,12,6.3,219,1,26024
Samsung,12,256,4012,108,32,6.72,204,0,29962
Xiaomi,8,32,3669,64,16,6.59,151,1,21181
Realme,3,512,3268,64,32,5.24,163,1,24349
Xiaomi,3,64,4283,48,12,5.24,173,0,12885
Oppo,4,512,3923,50,8,6.55,192,1,20269
Realme,8,256,4125,108,12,6.76,147,1,30883
Samsung,4,512,4529,48,12,5.88,157,1,22311
Oppo,4,256,4758,64,32,5.95,196,0,22102
Apple,4,256,4594,48,16,5.6,144,1,21345
OnePlus,6,256,3246,50,12,6.7,165,1,24568
Samsung,6,256,4560,108,16,6.23,169,1,21473
OnePlus,4,256,5178,50,32,5.55,193,0,18928
Vivo,8,64,5400,12,16,5.57,152,1,28023
Apple,3,32,5243,108,32,6.69,222,1,17523
Apple,8,128,4939,50,8,5.03,168,1,21484
Samsung,12,32,3929,64,16,5.61,142,1,29290
Apple,6,256,5692,108,16,6.05,229,1,21777
Realme,3,64,3226,108,8,5.28,197,0,14614
Apple,3,512,5748,48,16,5.17,215,1,20400
OnePlus,12,64,3264,64,8,6.55,141,1,31749
OnePlus,12,256,4395,12,12,6.7,214,0,30534
Oppo,4,64,4457,50,32,6.56,167,1,14237
OnePlus,6,64,3645,48,8,6.71,221,0,17640
Oppo,6,256,5258,50,16,6.05,216,1,20117
OnePlus,8,64,4418,12,8,6.54,225,1,22877
Realme,4,128,4473,12,16,5.73,215,0,15462
Motorola,4,128,5990,108,12,6.27,141,1,19185
Oppo,4,64,4387,12,8,6.88,146,1,18503
Xiaomi,4,512,4899,50,12,5.43,165,0,21797
Vivo,6,256,5504,64,32,5.74,229,1,19571
Samsung,6,128,5772,64,16,5.91,227,1,25909
OnePlus,4,512,4249,108,16,5.26,215,1,19969
Apple,8,64,3981,50,12,5.15,155,0,21497
Motorola,3,512,4154,50,32,6.58,162,1,23878
OnePlus,3,32,3587,12,8,6.86,179,0,16718
Apple,8,128,3475,50,8,5.77,199,1,20614
Vivo,4,64,4821,48,16,5.17,212,0,18484
Vivo,6,256,3985,12,12,5.13,171,1,25819
Vivo,3,64,5203,48,12,6.69,154,1,19621
Apple,12,256,4241,108,8,5.88,152,1,36308
OnePlus,12,64,3189,64,32,5.61,144,1,33048
Vivo,8,512,4440,108,32,5.91,214,0,24381
Realme,4,512,3980,64,8,5.6,213,0,16353
Oppo,3,512,4698,108,8,5.93,191,1,23802
Apple,4,32,4715,50,12,6.63,216,1,17881
Apple,3,256,5593,48,32,6.13,180,0,15631
OnePlus,8,512,3040,64,8,6.32,192,1,25639
Apple,8,32,5354,12,8,5.69,189,1,21313
Apple,12,256,3942,48,16,6.4,154,1,29338
Vivo,4,64,3337,12,8,6.27,146,0,14577
OnePlus,12,32,4337,48,8,5.23,179,0,24029
Vivo,4,128,4098,48,32,6.09,167,0,16781
Oppo,12,32,5326,108,12,5.49,171,1,35867
Motorola,6,32,3895,64,32,6.53,154,1,17633
Oppo,6,256,5320,64,12,5.81,224,1,18898
Motorola,6,64,5884,48,16,6.89,209,1,19816
Vivo,6,128,5667,50,8,5.18,204,1,18046
Oppo,3,512,4674,50,16,6.48,143,1,20522
OnePlus,6,512,5909,12,12,6.28,150,1,22832
Samsung,8,32,3930,12,32,6.46,165,0,21670
Vivo,8,256,3288,108,32,5.58,200,1,23177
Motorola,3,256,3723,48,16,5.93,176,1,16096
Realme,6,512,5940,12,12,6.51,162,0,22302
Motorola,6,128,5319,12,16,5.44,224,1,18614
Realme,6,64,4953,48,16,5.43,179,0,20637
Apple,12,128,4089,108,8,6.05,216,1,34889
Oppo,4,64,3482,12,16,5.99,162,1,20690
Realme,12,512,3935,108,8,5.54,155,1,37436
Motorola,4,64,5295,64,8,5.57,200,1,18825
Apple,6,256,3155,108,32,5.53,207,0,20136
Samsung,6,32,4070,50,8,6.47,219,1,16622
OnePlus,12,32,4958,50,8,6.24,170,0,24291
OnePlus,12,512,5501,108,32,6.58,192,1,34849
OnePlus,4,256,5248,50,16,6.85,164,1,23520
Realme,8,128,4683,64,12,5.9,183,1,29167
Samsung,4,256,3123,48,12,5.13,151,1,22634
Realme,12,32,5048,50,12,5.09,229,1,32925
Oppo,12,32,3967,50,16,5.56,148,1,31939
Realme,3,256,3854,108,8,6.77,151,1,16829
Samsung,12,256,3639,64,12,5.99,208,1,31537
Samsung,3,32,5238,48,16,5.52,193,0,16690
Oppo,8,128,4602,108,8,5.76,193,1,20469
Samsung,4,512,5563,108,32,6.14,167,1,27584
Motorola,4,512,3441,64,12,6.24,195,0,15041
Samsung,3,256,4944,48,8,5.29,208,1,21306
OnePlus,4,512,4838,64,12,6.86,216,0,19575
Motorola,12,32,4829,48,12,6.04,197,1,30450
Motorola,6,32,5190,64,12,5.26,217,0,15504
Oppo,3,256,3532,108,8,6.7,214,1,15788
Xiaomi,4,256,5274,108,16,5.14,181,0,20091
Xiaomi,3,256,4336,12,8,6.72,177,1,20406
Samsung,3,128,3948,50,12,6.89,207,1,18028
Motorola,6,512,5019,64,8,6.33,192,1,30535
Xiaomi,12,256,3459,12,32,6.46,172,1,27799
Xiaomi,3,64,3550,50,16,5.64,210,1,19648
Samsung,4,64,3392,64,8,6.79,195,0,13256
Xiaomi,8,32,4787,48,32,6.01,211,0,20666
Realme,3,512,3844,50,16,6.39,190,1,24569
Apple,3,256,5257,108,32,6.76,213,1,22342
Oppo,6,64,4138,12,16,6.85,182,0,19310
Apple,12,512,3645,50,8,6.58,154,1,31445
Samsung,8,32,5266,50,32,5.58,177,0,16865
OnePlus,4,128,5454,108,12,6.84,154,0,17817
Oppo,8,512,4466,64,32,6.19,144,1,23768
Samsung,4,512,4377,48,16,6.77,222,1,20557
Motorola,12,128,5935,108,8,6.28,193,1,37761
OnePlus,4,512,5605,48,16,5.58,190,1,26521
Apple,6,32,5597,64,32,5.7,149,1,21492
Samsung,6,32,3141,50,32,6.05,151,1,21130
Motorola,6,128,5659,48,12,6.5,143,0,21402
Oppo,6,256,3500,12,8,5.6,157,0,19588
Oppo,8,64,3839,12,8,6.1,219,1,24043
Vivo,12,256,5749,108,32,5.66,175,1,31963
Motorola,4,512,4682,64,8,6.55,164,1,21415
Realme,4,64,4565,108,12,5.89,226,0,11045
Xiaomi,6,128,5046,108,16,5.15,215,0,23648
OnePlus,6,128,4530,108,8,5.32,175,1,26113
Motorola,3,64,3595,12,32,5.12,206,0,13101
Vivo,12,32,4904,12,16,5.95,148,1,32211
Xiaomi,8,64,3280,108,16,5.2,200,0,22278
Xiaomi,4,512,3423,12,12,5.22,192,0,15085
Samsung,3,32,5903,64,32,6.79,157,1,16197
Xiaomi,3,128,3269,108,8,6.66,182,1,19353
Realme,4,64,3153,12,32,5.86,174,1,14148
Oppo,8,256,5661,48,16,6.87,202,0,28704
Vivo,3,256,4750,108,32,5.0,217,1,14518
Xiaomi,3,512,3661,108,8,6.17,143,0,15784
Samsung,12,256,4967,64,8,6.17,180,1,31187
Realme,8,64,3082,50,12,5.87,184,1,27125
Apple,3,64,5994,50,8,5.75,189,0,18441
Oppo,8,256,5946,64,8,5.87,218,1,29784
Oppo,4,64,4449,64,32,5.79,167,0,18361
Vivo,6,512,4298,64,32,6.39,181,1,21607
Oppo,3,32,5331,50,16,5.26,219,1,16799
Xiaomi,12,512,3979,64,12,5.38,215,1,36074
Samsung,4,512,5220,12,32,5.34,208,0,21252
Oppo,8,64,5810,108,8,5.5,140,1,22957
Oppo,4,32,4659,108,16,6.0,178,1,18363
Apple,3,64,4398,48,32,5.21,229,1,13961
Apple,8,128,3632,48,12,6.65,156,1,26227
OnePlus,6,64,4531,108,12,5.56,227,0,15247
Realme,4,64,3786,12,16,5.31,174,1,14445
Xiaomi,3,64,5990,50,16,6.28,185,0,18449
Oppo,12,32,3397,50,16,5.07,181,0,28328
Motorola,8,64,4143,12,16,6.18,178,1,25723
Oppo,4,32,3933,50,16,6.33,229,1,17371
Samsung,4,256,4460,64,8,5.41,188,1,24421
OnePlus,6,128,4852,108,8,5.08,201,1,22730
Realme,6,32,5723,108,32,5.69,177,1,25208
Motorola,12,256,5983,12,12,5.19,162,1,33851
OnePlus,12,32,5512,50,8,5.22,161,1,29849
Vivo,3,32,3285,48,8,5.48,143,0,8738
Realme,3,128,3264,48,8,5.56,188,1,12697
Oppo,12,512,5367,50,32,6.01,198,0,28091
Oppo,12,512,5720,48,16,6.29,212,1,37531
Realme,8,32,5867,12,32,6.13,207,1,19612
Oppo,6,64,5136,12,12,5.28,210,1,24690
Xiaomi,3,256,4677,50,12,5.33,226,1,20451
Realme,6,64,4226,48,12,6.67,141,0,14029
OnePlus,6,64,3820,12,12,6.06,188,1,16283
Realme,12,32,4762,12,8,6.65,227,0,26874
Motorola,8,32,5381,64,8,5.71,170,1,24124
Oppo,4,32,5269,64,32,6.17,179,1,18952
Xiaomi,8,32,3040,12,16,5.99,187,1,19172
Xiaomi,8,512,4731,50,12,5.61,190,0,30142
Vivo,6,32,3067,108,32,5.89,182,0,17263
OnePlus,8,512,3987,108,8,5.95,194,0,23789
Apple,3,512,4799,12,8,5.38,227,1,20505
Apple,6,32,5561,12,16,5.6,188,1,20734
Realme,3,128,4621,12,16,6.5,229,0,12667
Vivo,4,256,4655,50,16,6.74,219,1,15997
Samsung,6,64,4278,64,32,5.68,196,1,24643
Realme,4,512,3694,12,8,5.58,216,1,16558
Vivo,6,256,5524,12,8,5.37,154,1,21315
OnePlus,12,128,4085,48,16,6.29,166,1,27441
OnePlus,8,64,5928,50,12,5.61,207,0,17660
OnePlus,12,64,5479,12,16,6.88,219,0,23911
OnePlus,4,512,4693,48,32,5.62,203,0,20670
OnePlus,8,32,5315,108,16,5.75,169,1,21830
Vivo,6,128,4058,12,16,6.15,175,1,24527
Vivo,8,512,3778,12,32,6.52,206,1,32153
Xiaomi,3,128,3493,48,16,5.89,225,0,17617
Motorola,8,32,4585,50,8,5.8,225,1,27271
Apple,3,32,4492,12,12,6.89,188,0,14781
Oppo,8,512,4790,108,16,5.02,215,0,21244
OnePlus,3,32,3660,12,32,6.7,194,1,16031
Samsung,4,256,4348,108,12,5.28,224,1,18820
Oppo,12,64,4327,64,32,6.49,195,1,26492
Vivo,6,512,4299,64,12,6.17,207,1,23584
Samsung,8,128,4986,108,12,5.65,183,0,25991
Samsung,12,256,5044,50,16,6.66,170,0,25968
Samsung,6,512,4928,12,8,5.02,197,1,19557
Xiaomi,6,32,4347,12,16,5.43,226,1,19659
Vivo,3,32,4058,64,32,6.08,192,1,15166
Samsung,4,32,3976,108,32,5.67,223,1,19163
OnePlus,4,32,3481,12,12,6.16,218,1,13689
Realme,12,128,3727,12,12,5.05,162,0,29816
Samsung,4,256,5527,50,8,5.22,167,0,17226
Xiaomi,8,64,4031,48,16,5.24,155,1,27851
Oppo,4,128,3342,64,32,5.36,176,0,18114
Vivo,12,128,4447,64,12,5.87,160,1,32214
Motorola,4,64,5379,48,8,6.43,218,1,21835
Xiaomi,8,64,5485,12,32,6.72,156,1,23404
Samsung,3,32,5221,50,12,6.59,176,0,14369
Vivo,12,128,5606,50,32,5.37,216,0,29967
Realme,3,512,3526,64,8,5.84,158,1,15766
Samsung,3,64,4896,50,8,5.38,169,1,16054
Xiaomi,3,64,3658,48,32,5.5,184,1,12112
Apple,6,256,5073,12,16,5.96,157,1,21540
OnePlus,6,512,3819,48,32,5.13,217,1,21584
Motorola,3,512,5652,108,12,5.41,201,1,21894
Oppo,12,64,3405,64,16,6.78,175,1,26050
Xiaomi,8,32,5279,50,12,5.89,223,1,21212
Vivo,8,256,5580,108,32,5.85,191,1,25727
Motorola,4,512,4573,50,16,5.03,158,0,16998
Motorola,12,64,4811,12,12,5.47,183,1,33807
Motorola,6,512,3504,12,32,6.65,146,1,25365
Samsung,3,256,3178,12,32,5.31,183,1,15319
OnePlus,4,256,3131,50,16,5.79,207,1,16222
Samsung,8,128,4846,108,32,5.03,173,1,27687
Vivo,6,64,4478,12,8,5.91,205,1,17717
Samsung,6,256,5395,108,12,5.04,208,1,25244
Apple,3,128,5587,50,12,6.56,194,1,13049
OnePlus,8,128,3771,108,32,6.57,149,1,26297
OnePlus,12,512,4429,50,32,6.5,181,1,37594
Vivo,6,512,5123,50,8,5.54,180,1,27647
Oppo,3,128,3578,64,16,6.59,216,0,14137
Apple,12,512,5901,50,32,6.03,208,1,34212
Xiaomi,8,256,4515,50,32,5.71,149,0,21328
Samsung,6,32,3193,48,32,6.19,149,1,22419
Realme,12,256,5007,12,32,5.02,199,0,28343
Samsung,12,128,4185,64,12,5.27,190,1,25695
Motorola,12,128,5394,64,32,6.41,160,1,32519
Samsung,6,256,5998,64,12,5.46,147,0,24594
Xiaomi,6,512,4384,48,32,6.14,204,0,21175
Samsung,4,512,4792,50,16,5.73,217,0,16057
Apple,8,128,4110,12,8,6.62,224,1,23158
Apple,3,64,5261,108,16,6.81,169,1,18170
OnePlus,12,512,4936,50,32,6.68,224,0,33050
Vivo,4,256,5620,48,32,5.51,188,0,16155
Oppo,3,512,3779,50,32,5.37,148,1,22633
Realme,4,256,3261,50,16,5.9,156,0,11969
Motorola,6,128,3729,48,32,5.01,208,1,19707
Samsung,12,512,3282,64,16,5.05,197,0,34684
Samsung,3,256,4490,64,12,6.05,196,1,19976
Xiaomi,3,128,3361,12,8,5.99,201,0,15004
Vivo,3,64,3440,12,8,6.89,191,1,18632
Apple,3,256,5140,64,16,5.38,200,0,13355
Realme,3,64,4644,108,12,5.49,179,1,17849
OnePlus,4,64,5800,50,16,5.22,177,1,19531
Apple,12,32,3866,108,12,6.74,182,1,29349
Motorola,6,512,4447,50,32,6.48,202,1,29100
Vivo,6,256,3141,64,12,6.56,158,1,22980
Motorola,6,64,4314,12,12,6.72,189,1,20319
Oppo,6,32,4455,12,12,6.0,172,1,20027
OnePlus,4,128,5796,108,8,5.86,152,0,20270
Oppo,8,256,4875,12,12,5.63,217,1,26518
Xiaomi,12,64,4847,64,32,6.12,201,1,27304
Motorola,3,512,4712,108,32,5.86,182,0,23467
Xiaomi,8,32,5700,50,32,5.86,188,0,24028
Samsung,6,64,3700,12,12,6.78,175,0,16484
Oppo,8,512,3997,48,16,6.87,149,1,32642
Vivo,12,64,5096,12,16,6.51,145,0,22893
Motorola,3,256,4325,50,32,6.44,196,0,19260
Realme,3,256,3880,108,8,6.29,140,0,19167
OnePlus,12,256,4213,50,16,5.32,210,1,33616
Apple,12,32,4159,48,12,5.11,197,1,28292
Vivo,6,256,3554,64,16,6.31,160,1,22043
Vivo,3,512,3403,12,32,6.38,219,0,15207
Xiaomi,8,64,3891,108,8,5.09,195,0,22214
Oppo,4,128,5912,64,16,6.76,226,1,23761
Motorola,4,512,3601,50,16,5.17,159,1,17472
Motorola,12,512,4830,108,32,5.54,193,1,38825
Samsung,6,256,3340,64,8,6.28,164,0,14316
Samsung,4,32,4968,108,8,5.32,167,1,15249
OnePlus,3,64,3703,48,32,5.11,144,1,11648
Xiaomi,12,32,3317,48,12,5.63,160,0,25141
Vivo,8,64,5665,12,16,6.46,157,0,19106
Motorola,12,64,4386,12,12,5.79,186,1,24970
Realme,8,32,5429,48,16,6.24,209,1,23880
Xiaomi,12,512,5280,108,16,6.1,196,1,35471
OnePlus,12,64,4800,48,12,5.04,158,1,25640
OnePlus,12,32,4367,12,32,6.88,204,1,30987
Xiaomi,8,64,4572,48,32,5.08,142,0,20703
OnePlus,8,128,3816,48,16,6.84,181,1,20540
Xiaomi,12,512,3552,108,32,6.04,160,1,32183
Apple,4,256,3855,64,16,6.83,179,0,12353
Xiaomi,6,64,4812,12,32,5.22,206,1,18470
Oppo,6,128,5866,108,16,5.93,164,0,16494
Xiaomi,6,256,3182,48,32,5.32,194,1,16805
OnePlus,8,256,4574,48,8,5.1,223,1,26491
Motorola,8,64,3396,64,12,6.17,191,1,19567
Oppo,4,32,4727,12,8,5.39,183,1,19997
OnePlus,6,64,5826,12,12,6.12,224,0,15599
Samsung,6,128,4517,50,12,5.21,195,1,20678
Samsung,12,256,3906,12,16,5.63,194,1,28071
Motorola,8,64,4356,64,12,6.49,226,1,28628
Motorola,6,32,5174,50,8,5.83,209,1,17567
Oppo,4,64,3000,50,8,6.19,216,1,13554
Apple,4,512,3018,48,32,6.23,226,0,18195
Motorola,6,32,3583,48,8,6.6,212,1,15730
Samsung,8,128,3455,12,32,5.62,220,0,15873
Xiaomi,4,256,5036,50,12,6.31,205,0,13676
OnePlus,12,64,4132,48,8,6.83,158,1,26142
Samsung,4,32,5492,64,12,6.39,222,1,22607
Samsung,3,512,4952,48,8,5.93,146,0,18746
Apple,3,32,5649,48,8,6.2,202,1,11893
Oppo,8,512,5150,50,32,6.41,181,0,27457
Oppo,6,128,3987,50,12,6.16,181,1,25261
Vivo,8,256,3519,108,8,5.03,198,1,23351
Apple,8,128,3858,64,16,5.37,159,1,26273
Xiaomi,8,64,3173,50,12,6.54,212,0,17995
Oppo,8,32,4366,12,12,5.52,156,1,26511
OnePlus,12,512,5478,64,12,6.39,166,1,37624
Motorola,12,512,3726,64,32,5.71,186,1,35647
Apple,4,32,4710,50,16,5.99,141,1,15613
Motorola,3,32,4875,64,12,5.13,202,1,12878
Samsung,8,64,5897,50,8,5.34,201,0,19545
OnePlus,4,128,4681,48,8,6.82,158,1,21167
OnePlus,3,512,4347,108,32,6.69,156,1,24832
Samsung,6,64,3989,48,8,6.24,208,0,17245
Apple,12,128,5686,50,12,5.87,178,1,32111
Samsung,3,64,3419,50,8,6.28,221,0,11190
Motorola,6,512,3593,48,12,6.18,210,1,23883
Vivo,3,32,5532,12,8,6.08,220,1,20313
OnePlus,12,32,4774,12,16,5.11,178,1,24423
Realme,12,128,5459,12,32,6.2,175,1,32740
Realme,4,256,3935,50,32,6.46,179,0,17110
Motorola,8,128,4107,64,16,6.89,184,1,29309
Xiaomi,3,256,4136,50,16,5.02,143,0,12730
Oppo,3,64,3331,64,32,6.39,164,1,16077
Samsung,6,64,5702,48,16,6.09,208,0,23132
Samsung,12,512,5088,108,12,5.82,169,1,33847
Xiaomi,3,256,4793,64,8,5.24,215,1,13408
Xiaomi,12,512,3958,12,32,5.78,207,1,35583
Motorola,3,32,3104,50,16,5.67,227,1,17441
Motorola,4,256,3201,48,12,5.58,168,1,16893
Xiaomi,8,128,5497,12,32,6.39,212,1,24204
OnePlus,3,32,4842,48,16,6.33,207,0,12782
Motorola,12,32,4866,108,32,6.12,190,1,32943
Vivo,4,128,4996,50,16,6.78,163,0,12333
Motorola,3,32,4289,50,32,5.66,153,0,12351
Samsung,6,256,3909,108,12,5.46,208,1,23986
Motorola,8,512,3209,50,12,6.25,157,0,23640
OnePlus,3,32,3562,64,8,5.38,181,0,10615
Xiaomi,4,256,5760,48,32,5.6,196,0,18484
Samsung,6,64,4563,12,8,5.43,222,0,17708
Motorola,4,256,3770,108,32,5.13,151,0,18398
OnePlus,4,512,5501,64,16,6.57,221,1,20461
Vivo,6,256,5714,12,16,5.48,156,0,22866
Motorola,4,128,3628,12,8,5.9,169,1,12236
OnePlus,6,512,4628,108,32,5.08,227,0,18404
Vivo,3,64,4701,64,8,6.33,214,1,15092
Xiaomi,6,128,3386,12,12,5.63,162,0,17418
Motorola,6,256,4935,12,8,6.41,220,1,21526
Vivo,8,512,5343,64,8,5.78,140,1,28461
Samsung,6,64,5305,50,16,5.37,218,0,19526
Xiaomi,6,128,4104,12,8,5.98,171,1,16460
Samsung,3,64,3267,48,32,5.25,148,1,12674
Realme,8,256,5466,64,16,5.84,154,0,27069
Apple,12,64,5282,12,8,5.6,167,1,32060
Motorola,3,32,4856,108,12,6.73,163,1,17780
Vivo,3,128,4998,48,8,5.12,199,1,14698
Apple,12,64,4380,12,8,6.32,174,1,26485
Apple,6,256,4236,48,8,5.35,225,1,26143
Vivo,4,256,3573,48,16,5.61,166,1,16476
Xiaomi,8,64,3048,50,32,5.79,222,1,24718
Motorola,4,256,4150,48,12,6.73,215,1,22976
Realme,12,512,3222,50,8,5.46,159,0,31327
Samsung,3,512,5968,64,32,5.17,204,1,23025
OnePlus,3,512,4431,50,32,5.61,224,0,18966
Samsung,8,32,4528,108,16,5.2,188,0,25687
OnePlus,3,64,4819,12,12,5.24,140,1,10619
Samsung,3,32,5324,64,16,6.09,149,1,13662
Vivo,8,256,4461,64,32,5.12,186,0,23618
Realme,8,32,4130,108,32,5.06,198,1,28126
Motorola,12,256,4681,50,32,6.36,201,1,34642
OnePlus,3,256,5467,12,16,5.69,225,1,17921
Motorola,3,128,5658,50,12,5.24,157,1,20520
Motorola,12,512,3374,48,8,5.48,185,1,28148
Motorola,6,256,5120,50,16,6.22,171,0,19141
Oppo,6,128,5021,64,32,5.52,166,0,17948
Xiaomi,6,512,4053,12,16,5.94,157,1,20232
Samsung,12,256,4889,50,32,5.23,178,0,24535
Motorola,3,256,4823,12,8,6.12,188,1,17134
Samsung,12,32,4474,12,8,5.6,221,1,23813
Motorola,12,32,5242,48,12,6.19,183,1,31997
OnePlus,6,512,4179,48,32,6.54,211,0,22637
Xiaomi,4,256,5894,64,12,6.16,193,1,21485
Xiaomi,3,64,4064,108,12,5.56,173,1,16304
Vivo,6,32,5070,12,8,5.49,210,1,19691
Oppo,4,512,3359,108,16,5.62,175,0,14404
Vivo,4,256,5607,64,16,5.31,157,1,15935
Vivo,8,256,5719,12,12,5.34,177,1,24806
Vivo,3,64,5041,12,8,6.5,198,1,17940
Vivo,4,512,4141,108,32,5.73,148,1,26371
Vivo,6,256,4635,50,16,5.83,212,0,19244
Realme,8,32,4403,48,12,6.13,211,0,21942
Xiaomi,3,64,4943,50,16,6.12,190,1,11937
Vivo,12,512,3678,108,16,5.13,174,1,36307
Motorola,6,64,5487,48,32,6.58,221,1,17906
Xiaomi,4,32,5980,50,8,5.34,144,0,19895
Xiaomi,4,512,3006,48,32,6.37,153,0,18624
Apple,6,64,5468,12,8,6.47,169,0,13510
Realme,4,128,4591,50,16,6.36,143,0,16334
Vivo,8,32,3832,48,12,6.1,178,1,21889
Samsung,3,32,5606,48,32,5.03,223,1,16737
OnePlus,8,32,4810,48,8,5.68,203,0,17469
Oppo,4,128,3913,50,16,6.15,164,1,22823
Motorola,12,128,5011,64,8,5.74,167,0,26232
Samsung,3,256,4442,50,8,6.64,215,1,17213
Realme,3,64,4450,108,8,5.59,205,0,14974
OnePlus,6,256,4502,50,16,5.56,217,1,19148
Realme,6,64,3125,48,12,5.51,161,1,16176
Motorola,12,128,5442,12,12,5.63,170,1,30520
Xiaomi,3,128,3816,50,12,6.06,162,1,15414
OnePlus,12,256,5928,50,8,6.34,187,1,37217
Xiaomi,6,512,4829,48,16,6.26,159,1,29817
Motorola,6,256,3575,12,8,6.53,177,0,22337
Samsung,3,64,5372,12,12,6.68,194,1,11673
Motorola,8,256,4415,108,12,6.55,207,1,23815
Samsung,4,32,3929,50,16,5.04,218,0,15957
OnePlus,6,64,4463,12,8,6.4,227,1,21865
OnePlus,6,64,3832,12,32,5.4,228,1,18177
Vivo,8,512,4054,64,32,5.25,140,1,32239
Realme,8,128,4648,64,12,6.21,146,1,28911
Vivo,12,64,4900,12,16,5.61,196,1,29549
Realme,12,128,4457,108,8,5.11,151,1,35737
Vivo,4,256,5884,12,8,5.26,144,1,17557
Xiaomi,4,32,5973,48,12,5.0,189,1,18748
OnePlus,3,512,4399,50,12,6.72,181,1,20199
Samsung,12,128,3442,108,8,5.05,151,1,29903
Realme,6,64,5122,48,8,5.4,157,1,18168
Motorola,12,128,3556,108,12,5.79,205,1,30795
Realme,6,64,4178,48,8,5.68,213,1,18470
Samsung,8,128,5037,50,32,6.73,218,1,23590
Vivo,12,64,3362,50,12,5.08,156,1,29877
Realme,8,256,5495,64,8,5.97,207,1,30618
Oppo,4,64,4257,48,12,6.29,210,0,12276
Xiaomi,4,64,4841,64,16,6.77,201,1,16387
OnePlus,3,32,5309,48,12,6.18,180,1,18910
Samsung,12,64,4850,64,12,6.53,173,0,24248
OnePlus,8,32,5172,50,16,5.16,209,0,20923
Oppo,6,512,3910,108,32,5.73,184,1,28368
Realme,4,32,3244,64,8,5.71,197,0,9394
Realme,4,256,3541,48,16,6.68,190,1,17806
Motorola,6,32,5532,48,12,5.29,173,1,21643
Oppo,8,512,5169,50,8,5.29,183,1,31332
Samsung,8,256,5172,48,16,5.62,154,1,29397
Motorola,12,128,4572,12,8,5.1,217,1,33976
Xiaomi,12,128,5217,108,8,5.35,209,1,35527
Motorola,3,32,3123,64,16,6.83,189,0,13320
Apple,4,32,5693,108,8,5.81,171,1,20094
Samsung,12,512,4731,50,32,6.2,206,1,39640
Apple,8,512,3785,64,16,6.38,142,1,26302
Oppo,6,64,5043,64,32,5.7,225,0,23128
Vivo,8,512,5248,12,12,5.28,225,1,27661
Apple,4,64,5416,50,8,5.39,213,0,19649
Xiaomi,8,256,3796,48,12,5.6,190,1,20742
Motorola,3,32,3076,12,12,6.21,206,0,12011
Vivo,4,256,3058,12,8,5.76,215,1,17954
Motorola,6,512,5478,108,16,5.01,187,1,23959
Apple,3,256,5685,108,8,5.99,156,0,16537
Motorola,4,256,4523,108,12,6.75,146,1,17910
Oppo,6,256,4936,12,12,6.54,152,1,25169
Vivo,3,512,5156,48,16,6.57,205,1,16854
Oppo,3,256,4301,64,8,6.51,143,1,15998
Apple,4,64,3067,108,12,5.62,149,1,13161
Oppo,12,512,5352,48,32,6.45,227,1,35250
Xiaomi,3,256,4932,50,12,5.27,156,1,17370
Apple,3,512,5721,108,12,6.25,191,1,18307
Apple,6,128,3364,64,16,6.22,145,0,20763
Apple,8,64,3820,50,32,5.05,222,1,18971
Samsung,4,256,4402,50,12,6.5,208,1,17985
Motorola,4,128,5390,64,12,6.72,213,0,12538
Samsung,12,128,3946,108,32,5.51,148,1,33725
Samsung,12,512,5946,12,8,6.54,216,1,39126
Xiaomi,4,128,4577,64,8,5.16,222,1,14231
Vivo,12,64,4377,64,12,6.14,160,0,27430
Motorola,6,64,4439,64,12,5.92,163,1,16241
Oppo,4,32,3761,50,8,6.04,143,1,19483
Realme,12,64,3340,48,16,6.76,163,1,27551
Apple,4,128,5989,12,32,6.66,198,1,22384
Oppo,8,64,3382,108,32,6.49,142,1,27293
Apple,3,512,4003,108,16,5.52,207,1,25577
Xiaomi,4,32,4556,48,16,6.73,179,0,12888
Apple,3,128,3299,64,16,5.19,187,1,16276
Samsung,12,32,3138,12,16,6.62,193,1,26184
Motorola,3,128,3358,108,16,5.62,174,0,11051
Realme,4,512,3835,108,16,5.1,195,1,25376
OnePlus,8,32,4522,64,32,6.27,228,0,19061
Apple,12,256,4627,48,16,5.44,179,0,26288
Oppo,4,128,4982,12,8,5.46,216,1,21380
Samsung,12,256,4303,48,16,5.58,207,1,31332
OnePlus,6,32,5530,48,16,5.12,185,1,17353
Realme,3,256,3908,12,32,5.34,217,1,13591
OnePlus,6,256,4134,12,32,5.01,152,0,19066
Samsung,4,32,5913,108,16,5.85,166,1,22150
Motorola,8,512,5186,108,32,5.16,145,1,25243
Motorola,12,256,3995,12,12,6.3,156,1,27268
Vivo,3,256,5482,50,32,5.45,175,1,22122
Motorola,12,512,5556,108,32,6.79,220,1,38189
Vivo,4,256,5320,50,32,6.66,141,1,18754
OnePlus,12,256,5151,12,32,5.55,216,1,30749
Xiaomi,3,256,4237,108,8,6.49,191,0,12404
Oppo,4,64,4784,48,8,6.53,205,1,19189
Oppo,12,512,5809,12,8,6.87,191,0,31515
OnePlus,8,256,5834,64,16,6.14,182,0,28473
Apple,4,512,3164,50,16,5.16,229,0,20777
Apple,4,128,3998,12,12,6.23,161,1,16765
Motorola,8,128,5567,12,8,6.19,194,1,27914
Oppo,6,256,4307,108,16,6.21,206,1,20439
Oppo,3,512,5564,108,32,5.58,199,1,21486
Vivo,6,512,3656,108,32,6.63,197,1,23903
Xiaomi,12,512,5660,64,8,6.82,151,1,39151
Samsung,8,64,5211,108,12,5.41,227,0,19827
Apple,6,128,4909,12,12,5.17,208,1,23000
Oppo,4,512,5046,108,32,5.37,223,1,27097
Vivo,12,512,5111,48,12,6.56,178,1,32430
Realme,12,64,4140,108,8,6.29,152,1,30366
Vivo,6,64,4889,64,32,6.21,180,0,17916
Apple,6,512,3266,48,16,5.76,196,1,29065
Apple,8,32,4845,12,16,6.1,192,1,26789
Vivo,3,512,4708,12,12,5.58,151,1,21840
Samsung,6,512,5293,50,32,5.91,152,0,27006
OnePlus,6,64,5442,48,32,6.51,213,1,23085
Apple,4,64,4510,50,16,6.86,196,1,22061
Vivo,12,512,3475,48,32,6.77,179,0,30460
Oppo,3,512,3976,48,32,6.77,219,1,18238
Vivo,4,512,4207,64,32,5.76,184,1,21654
Xiaomi,8,64,4043,50,12,5.89,174,1,21272
OnePlus,8,512,4960,64,32,6.34,142,1,24701
Realme,6,512,3557,48,8,6.75,144,1,20381
Samsung,6,256,4017,12,12,5.27,229,1,20819
Motorola,8,32,4605,48,32,5.58,150,0,19362
Realme,6,128,3882,64,32,5.26,210,0,19238
OnePlus,3,32,5194,50,8,6.16,195,0,8781
OnePlus,6,256,3665,50,12,5.58,149,1,25468
OnePlus,12,128,5667,64,16,5.62,173,1,26446
Realme,6,512,4771,50,16,5.13,206,1,28725
Oppo,4,256,5867,108,12,5.66,211,1,26417
OnePlus,3,512,3863,12,32,6.64,170,1,16762
Vivo,4,64,3581,12,32,5.44,214,1,18812
Realme,4,256,3694,12,16,6.32,210,0,15662
Motorola,12,64,4251,50,16,6.2,205,1,25142
OnePlus,3,256,4610,50,16,6.64,209,1,17797
Vivo,3,256,4239,48,8,5.25,180,1,18887
Oppo,3,64,5454,48,16,6.86,202,1,14208
Xiaomi,3,128,3398,12,8,6.11,171,1,15212
Oppo,3,32,4946,108,12,6.89,159,0,15539
Motorola,12,512,3714,48,32,6.73,196,1,36744
OnePlus,6,256,3703,48,16,5.42,189,1,16986
Motorola,4,512,5808,50,32,5.11,219,1,18750
Realme,3,64,5546,108,32,5.49,164,1,13618
Apple,6,512,4714,12,16,6.0,151,1,26482
OnePlus,6,64,4972,48,16,5.33,210,1,17918
Apple,4,512,3081,108,12,5.32,178,1,18562
Vivo,12,32,3603,108,8,5.88,156,1,27154
Xiaomi,8,32,4970,12,8,5.06,184,1,22043
Samsung,8,32,4710,108,32,5.23,150,1,24604
Motorola,6,32,5046,108,16,5.79,209,1,18964
Oppo,4,32,5819,108,12,5.12,162,1,17355
Xiaomi,8,32,3902,48,12,5.75,209,0,24395
OnePlus,6,64,3364,12,12,5.9,177,1,18510
Apple,12,256,3162,108,12,5.86,141,0,29273
Oppo,8,512,5558,108,12,6.65,225,1,35397
Apple,6,32,4863,48,8,6.01,223,0,17640
Realme,6,64,3115,12,8,5.89,228,0,16416
Apple,3,64,5988,50,8,5.78,218,0,12299
Realme,12,64,5384,48,16,6.55,211,0,27293
Vivo,3,256,3880,12,32,6.7,176,1,19212
Oppo,4,512,5784,108,12,6.62,188,1,25913
Oppo,3,256,3839,12,16,6.28,191,1,13029
Samsung,3,128,5194,12,12,5.26,172,1,18614
OnePlus,8,64,4346,12,8,5.53,161,1,17568
Realme,6,128,5490,50,16,5.09,144,0,14858
Samsung,12,32,5884,12,8,6.77,157,1,29558
Apple,3,32,4036,50,12,6.26,177,0,12595
Apple,12,256,3942,108,12,6.42,176,1,33837
Samsung,3,512,4724,50,32,5.59,203,1,16166
Oppo,4,128,5334,108,12,6.61,149,0,15649
Apple,3,512,5767,108,8,5.49,218,1,26637
Motorola,8,256,4137,50,12,5.0,181,1,20487
Vivo,6,32,5527,48,32,5.72,187,1,20030
Vivo,4,512,3021,64,32,6.08,183,1,18963
Motorola,3,512,4749,12,8,5.91,221,0,21416
Samsung,12,32,3682,64,16,6.64,226,1,28660
Motorola,4,128,5953,12,12,5.2,155,0,11024
Realme,4,32,4833,12,32,6.05,193,1,18002
Realme,3,512,5367,108,12,5.97,174,0,19849
Samsung,4,128,3125,12,12,5.53,167,1,17271
Motorola,12,128,3276,12,16,6.56,141,1,27506
Realme,4,32,4999,50,32,6.43,152,1,20931
Oppo,12,512,4227,64,12,6.39,180,1,31564
Motorola,3,256,5241,50,32,6.66,219,1,17954
Oppo,6,512,3695,12,8,6.37,198,1,28411
Realme,4,64,4309,108,8,5.44,208,1,20420
Vivo,6,256,3056,50,12,6.34,192,0,18957
Realme,12,128,3018,50,32,5.58,184,1,28504
Oppo,4,256,5311,48,12,5.46,159,0,15836
Xiaomi,8,128,5841,12,32,5.14,163,0,24347
OnePlus,6,128,3112,108,32,6.41,200,1,23817
Apple,4,256,3541,50,16,6.35,197,1,18689
Motorola,6,128,5694,50,16,5.45,166,1,24890
Xiaomi,4,128,3578,108,16,6.42,165,0,12847
Realme,3,64,4088,12,12,6.74,146,1,10814
Vivo,6,512,3024,48,16,5.21,181,0,19738
Samsung,8,512,4572,50,16,5.44,186,0,27098
Realme,8,64,5048,48,8,6.43,192,0,20127
Vivo,12,256,5958,64,32,5.52,198,1,29591
OnePlus,4,32,4572,12,32,6.19,177,1,19559
Realme,6,32,3140,64,16,5.15,208,0,12841
Oppo,12,32,4767,64,32,5.86,226,1,25994
Samsung,6,64,3647,64,8,6.4,192,0,14663
Vivo,4,64,5235,12,8,6.3,154,1,22370
Vivo,8,128,3200,12,16,6.55,165,1,27685
Vivo,3,32,3256,108,8,6.67,187,1,19087
OnePlus,8,256,3546,48,32,6.47,158,1,21586
Realme,12,256,5241,48,12,6.28,148,1,31699
OnePlus,3,32,5750,108,32,5.06,203,1,20984
Motorola,12,32,3801,108,12,6.02,193,1,28996
Apple,4,32,3941,64,16,5.07,190,1,15638
Apple,3,64,3413,108,12,6.54,178,1,16018
Motorola,12,64,5014,50,8,5.61,143,0,26039
Realme,4,64,4381,48,32,6.07,142,1,12823
Oppo,8,512,4098,108,12,5.53,203,1,26581
OnePlus,4,256,3909,50,32,6.49,168,0,19421
Samsung,6,256,3187,50,16,6.68,150,1,19618
Vivo,4,128,5015,50,16,5.76,197,1,16148
Vivo,4,64,4313,50,8,6.64,214,1,16559
Realme,6,512,5092,64,16,5.51,166,1,21387
Oppo,12,512,5130,50,12,6.02,160,1,32170
Apple,12,256,4146,64,16,6.63,178,1,30486
Apple,4,64,3357,64,8,5.62,185,1,21501
Vivo,6,128,4551,50,32,6.81,205,1,26592
Realme,6,64,4089,48,32,5.23,175,1,23236
OnePlus,8,32,5983,50,16,5.03,214,1,26032
Apple,12,64,4680,50,12,6.72,221,1,26495
OnePlus,3,32,5422,50,8,5.13,204,1,17814
Oppo,12,32,3161,48,12,6.88,202,1,32422
Apple,12,128,5369,12,8,6.81,174,0,32052
Apple,8,256,3449,12,16,5.26,170,0,24792
Xiaomi,3,64,4497,64,8,6.02,167,1,12466
Apple,8,32,4036,64,8,5.35,140,1,25648
Motorola,3,64,5231,48,16,5.81,164,0,8748
Samsung,4,256,5158,108,12,5.12,182,0,18436
Motorola,3,256,4950,12,16,5.43,223,0,12266
Realme,8,512,5555,64,8,5.69,206,1,33566
Realme,12,256,4313,12,16,5.83,202,0,30101
OnePlus,3,128,5342,48,8,6.86,190,1,14751
Motorola,3,32,5951,48,16,6.53,141,1,14269
Motorola,6,512,4238,108,32,6.4,221,1,27970
Motorola,12,128,3973,108,32,6.02,203,1,30095
Oppo,4,64,3631,48,16,6.6,213,0,10688
Apple,8,32,4590,64,12,5.64,208,1,22730
Samsung,4,256,4050,12,8,6.35,148,1,14495
OnePlus,12,32,5780,50,32,6.89,141,1,29017
Motorola,3,64,4588,108,12,5.6,173,1,18945
Motorola,3,512,5368,50,8,6.28,199,1,21243
Xiaomi,12,512,5960,64,32,6.6,200,0,36209
OnePlus,3,512,4693,108,32,6.74,170,1,23533
Motorola,3,256,3436,50,16,6.36,149,0,12066
OnePlus,3,128,5828,64,8,5.54,215,1,15648
Apple,8,128,4556,12,12,5.62,175,0,20309
Xiaomi,8,32,4076,64,12,5.04,224,1,25293
OnePlus,6,256,4304,108,12,6.45,188,1,21173
Samsung,4,512,5773,48,8,5.08,209,0,22106
Samsung,12,512,5078,12,12,6.64,188,1,33110
Realme,12,64,5384,50,12,5.23,142,0,31643
Xiaomi,12,64,3182,108,12,5.33,213,0,29246
Xiaomi,6,512,5591,48,16,5.91,144,1,22395
Realme,8,512,4469,64,16,6.4,229,1,24558
OnePlus,6,256,4479,48,8,5.26,200,1,21305
Xiaomi,12,128,4589,108,8,5.84,224,0,32900
Samsung,4,64,4587,108,12,5.92,229,1,16673
Samsung,3,128,3659,48,16,5.4,165,1,19512
Motorola,8,256,3159,64,32,5.22,211,1,25687
Apple,8,512,5459,48,32,6.59,144,1,31991
Xiaomi,6,128,4011,108,12,5.95,154,1,19232
OnePlus,8,512,3052,108,12,5.03,155,1,32500
Realme,12,512,5455,50,16,6.53,140,1,34077
Realme,12,32,5894,50,16,6.86,155,1,26775
OnePlus,6,128,4045,12,16,6.15,176,1,21242
Oppo,12,128,4053,108,8,5.96,142,0,27144
Vivo,4,512,5750,50,8,6.67,191,1,19082
Apple,6,256,5307,48,12,6.81,186,1,24667
Realme,4,32,4228,64,8,6.43,152,0,18737
Xiaomi,3,512,4494,48,16,5.85,219,0,21885
Apple,4,64,5823,64,16,6.13,194,1,21417
Xiaomi,3,64,4489,50,8,6.33,160,0,17675
Oppo,3,32,4035,12,32,5.37,205,1,15593
Samsung,4,256,4950,48,12,5.85,193,1,19222
Apple,6,512,3849,48,32,6.58,166,1,27837
Motorola,12,128,3353,48,12,6.24,177,0,30364
Realme,12,32,4098,64,32,5.78,229,1,27528
Apple,3,256,5920,50,8,6.26,197,1,23705
Apple,3,128,4739,48,12,5.22,201,1,17746
Apple,6,64,4464,48,12,5.76,185,1,16097
Vivo,8,64,3990,12,12,6.51,228,1,20922
Apple,4,128,4264,12,16,5.42,150,1,14681
Xiaomi,3,32,4884,50,16,5.35,211,1,19130
Samsung,12,64,4809,50,32,6.81,147,1,33749
Oppo,6,512,5341,108,8,5.4,210,1,31305
OnePlus,4,128,5256,12,16,5.5,203,0,19426
Apple,6,128,4111,108,12,6.84,160,1,21607
Realme,4,64,3817,64,16,6.4,211,1,15893
Apple,4,32,4799,108,8,6.33,202,1,23808
Realme,3,512,4960,48,16,6.62,224,1,17137
Xiaomi,6,32,5437,108,12,5.22,203,0,14742
Realme,6,256,5372,50,32,6.34,159,0,20592
Motorola,12,256,5987,64,12,5.96,147,0,28045
OnePlus,12,64,3888,48,8,6.58,197,0,23334
Samsung,3,64,4855,108,32,5.97,185,1,15998
Realme,3,64,4180,64,16,6.18,170,0,9428
Realme,8,256,3667,64,16,5.91,148,0,27092
Samsung,12,32,3632,48,16,5.91,154,1,33083
OnePlus,4,32,5624,108,32,6.46,165,1,21622
Apple,6,64,4642,64,12,6.19,149,1,18132
Realme,3,512,3136,64,32,6.2,168,1,24357
Samsung,6,32,4946,12,32,5.86,219,1,21531
Motorola,6,256,4697,64,8,6.01,175,0,16078
Motorola,8,128,3427,12,32,6.42,223,1,20413
Xiaomi,12,128,4475,108,16,6.57,176,0,26155
Samsung,3,128,5659,108,12,6.32,225,1,14697
Xiaomi,6,512,5958,108,12,6.76,210,1,25199
Motorola,3,64,3818,50,12,6.56,162,1,15526
OnePlus,4,256,5188,108,16,6.07,180,1,23659
Apple,8,512,4106,64,16,6.28,219,1,31394
Samsung,4,256,5224,48,16,6.76,167,0,19183
Oppo,3,256,3197,12,16,6.18,187,1,12081
Motorola,3,64,5671,50,16,6.57,177,1,16759
Motorola,12,128,4995,108,32,6.31,170,1,36431
Oppo,6,64,5738,108,16,6.05,153,0,19364
Vivo,6,512,5448,48,16,5.46,212,1,26653
Motorola,4,512,3470,48,16,5.81,227,1,22504
Realme,8,512,5265,50,16,6.84,216,1,26098
OnePlus,6,64,4948,12,12,6.25,229,1,18005
Samsung,12,256,3928,108,16,6.07,168,1,31875
Oppo,4,256,5010,50,32,6.77,190,1,25339
Realme,4,32,5679,64,32,6.11,188,1,22938
Oppo,12,512,5998,64,32,6.0,182,1,38282
Samsung,8,256,3905,50,8,6.44,211,1,27212
Xiaomi,12,32,5222,108,12,6.35,226,1,35047
Samsung,8,256,3022,50,16,5.37,144,0,23506
Vivo,12,512,3234,108,8,5.9,181,0,33597
Samsung,12,128,4124,48,16,5.9,146,1,34891
Samsung,3,512,3928,50,8,5.72,181,0,17305
Vivo,4,64,3522,108,8,5.98,175,1,20431
OnePlus,12,256,4808,50,32,5.78,166,1,33385
Motorola,12,256,3430,50,32,5.38,197,1,30403
Samsung,6,64,3792,108,8,5.78,185,1,18761
Vivo,4,64,4629,108,32,5.14,205,1,15585
Realme,6,128,4736,12,8,6.09,164,0,18708
Xiaomi,4,256,3532,50,12,6.62,212,1,20833
Xiaomi,6,256,4746,64,32,6.38,166,1,21998
Samsung,12,128,4675,50,32,5.68,140,1,35431
OnePlus,12,32,4316,50,32,5.17,226,1,27347
OnePlus,3,128,5857,108,12,5.38,213,1,17618
Realme,6,512,3912,50,8,6.04,181,0,20727
Samsung,8,256,4124,50,16,5.39,191,1,22933
Xiaomi,3,64,4525,64,32,6.03,164,1,17703
OnePlus,6,512,4327,108,8,5.44,193,0,24961
Samsung,6,256,5918,50,12,6.61,206,1,26440
Oppo,3,128,5587,48,16,5.75,145,1,16773
OnePlus,12,512,4023,12,32,5.47,197,1,32455
Vivo,6,256,4576,64,12,6.54,209,0,24919
Oppo,12,32,4378,50,12,5.65,192,0,25301
Motorola,3,32,4519,48,16,5.21,205,1,20092
OnePlus,12,64,4681,50,8,6.08,197,0,23344
Xiaomi,4,256,4997,50,32,6.1,221,1,25001
Apple,8,32,3226,108,32,6.36,226,1,25480
Oppo,6,128,4259,108,8,5.46,141,1,22729
Motorola,8,256,3872,108,8,5.84,215,1,25422
Realme,12,128,3891,48,8,5.54,161,1,29604
Realme,6,128,4478,50,16,5.15,176,0,13813
Xiaomi,12,32,4036,12,16,6.67,159,1,30461
OnePlus,4,256,5257,64,32,6.38,163,1,24544
Samsung,3,512,5788,108,16,5.57,223,1,24018
OnePlus,6,32,3396,108,12,6.14,204,1,21466
Xiaomi,4,32,4123,50,32,5.38,204,1,13538
Realme,4,256,5078,50,16,6.69,220,1,20251
OnePlus,6,256,5945,48,8,5.22,140,0,16656
Realme,12,128,3648,48,12,5.01,142,0,24837
Oppo,4,256,3328,108,8,5.95,185,1,19466
Motorola,8,128,4482,50,32,6.11,194,1,23629
Samsung,4,32,3951,12,8,6.1,214,1,14761
Oppo,12,64,5005,64,16,5.1,227,1,29650
Realme,12,512,5016,50,16,5.6,225,1,30140
Realme,8,32,5668,50,32,5.95,203,1,28738
Apple,4,256,4878,48,8,5.41,184,1,17616
Apple,12,512,4196,64,32,6.66,165,0,34896
Oppo,6,64,4772,108,8,5.17,216,1,23105
Vivo,3,64,3161,50,12,5.93,204,1,17448
Oppo,3,128,4751,108,16,6.31,163,0,10447
Apple,3,512,3775,50,32,5.5,213,1,23259
Realme,4,128,4827,108,12,6.19,174,1,17614
Xiaomi,8,32,5321,64,12,6.58,163,0,25253
Oppo,12,512,4051,48,32,5.36,167,1,38570
Realme,6,32,5373,64,32,6.74,219,1,23832
Xiaomi,6,128,3939,12,12,6.05,155,0,18555
Xiaomi,4,512,3539,48,8,5.57,198,1,24295
Apple,3,128,5535,64,12,5.82,220,0,11589
Oppo,4,512,3821,12,32,5.59,193,1,22369
OnePlus,8,128,4461,50,12,6.38,218,0,17368
Samsung,8,64,4088,50,8,6.51,155,1,24662
Apple,12,128,3355,108,16,6.58,154,1,33686
Apple,12,64,3234,48,16,6.87,150,0,30760
OnePlus,8,128,5274,50,12,6.5,204,1,24296
Samsung,8,512,4548,48,8,6.14,218,1,24233
Realme,8,512,5096,50,16,5.64,229,1,26646
Vivo,4,512,3117,108,12,6.03,207,1,22346
Oppo,8,256,5101,64,12,5.08,182,1,27208
Vivo,6,32,4673,108,8,6.42,208,0,21897
Realme,3,512,5612,12,32,5.85,152,0,22595
Motorola,8,64,4067,50,12,5.04,149,1,22560
Apple,3,512,5100,12,32,5.12,214,1,23209
Samsung,4,256,3557,12,32,5.74,221,1,16096
Apple,3,64,4815,48,16,6.11,180,1,18182
Xiaomi,4,256,5005,50,32,5.88,189,1,16386
Apple,6,64,5915,12,8,6.18,226,1,24714
Apple,4,128,3397,64,16,5.91,210,1,19155
Realme,4,32,3674,12,16,6.26,198,0,8712
Realme,12,32,3386,64,16,5.42,178,1,24450
Realme,8,256,5158,48,12,5.21,142,1,30555
Vivo,8,32,5661,12,12,6.13,215,1,22277
Xiaomi,6,256,5064,108,32,5.92,146,0,19662
Motorola,6,256,3883,48,16,5.05,188,1,18093
Motorola,8,256,3540,64,16,5.72,165,1,21263
Realme,12,32,3170,48,8,5.2,172,0,25046
Samsung,8,256,5456,12,32,6.01,187,1,28112
Vivo,12,32,3739,50,8,5.75,218,1,26835
OnePlus,6,256,4401,50,32,6.16,141,1,18560
Samsung,3,512,5905,64,32,6.53,210,1,19152
Oppo,6,256,5277,64,12,5.57,171,1,25517
Oppo,6,64,3118,50,12,6.83,143,0,16883
Samsung,4,256,5831,64,8,6.02,159,0,15800
Realme,4,128,5512,48,32,6.17,175,1,17094
OnePlus,4,256,5151,108,16,6.29,171,1,20578
OnePlus,4,64,5745,108,12,6.27,167,0,19267
Vivo,12,64,4995,48,16,5.97,216,1,34606
OnePlus,8,32,4705,108,8,5.81,140,1,25758
Oppo,3,512,4722,12,12,5.1,199,1,15395
Xiaomi,6,256,5222,48,12,5.04,195,0,23446
Realme,12,32,5792,64,32,5.68,174,1,27236
OnePlus,3,512,4697,48,8,5.63,169,0,13462
Vivo,12,256,4444,50,32,5.74,193,1,35269
Oppo,12,128,4759,64,12,5.26,175,1,34908
Xiaomi,6,256,4524,50,8,6.4,194,1,23720
Apple,8,64,3664,64,12,6.63,228,0,20245
Apple,4,64,3032,108,8,6.78,219,0,11030
Xiaomi,8,128,5102,48,12,5.94,197,1,20515
Oppo,6,32,5566,12,16,6.33,222,1,19476
Vivo,6,512,5803,64,16,6.63,204,1,24611
Xiaomi,6,256,5059,64,32,5.79,208,1,25706
Realme,3,64,4551,50,16,5.59,190,1,16893
Realme,8,32,3719,108,12,6.78,161,1,27055
Apple,8,128,5602,50,12,5.98,227,0,22338
OnePlus,12,64,5420,50,16,5.94,192,0,27002
Vivo,12,128,3483,108,32,5.34,175,0,22981
Apple,12,256,3972,12,16,5.21,207,1,34819
OnePlus,6,512,5670,50,8,6.6,175,1,25566
OnePlus,8,64,3306,50,8,6.17,191,1,22093
Motorola,6,64,3456,64,8,5.62,192,0,14473
Realme,3,256,5207,108,16,5.36,221,0,20954
Oppo,12,32,3330,48,16,6.06,189,0,29513
Samsung,6,512,5823,12,16,6.11,219,1,26311
Oppo,6,64,3224,12,8,5.39,180,1,20210
Samsung,3,512,5776,108,32,6.62,157,1,19336
Xiaomi,4,64,4479,64,12,5.16,161,0,18998
Realme,8,512,4082,64,16,5.68,205,0,24445
OnePlus,4,128,3643,108,32,6.29,160,0,12912
Vivo,12,64,3615,64,12,5.52,183,0,24619
Samsung,6,512,3194,12,12,6.57,186,1,22508
Oppo,3,32,3488,12,12,6.41,178,0,13164
OnePlus,3,128,5204,48,32,6.5,168,1,14565
Samsung,8,128,5657,108,32,5.23,193,1,23659
Samsung,4,32,4249,50,8,5.27,229,1,14468
Motorola,8,512,5459,50,32,5.54,224,1,33108
Samsung,6,256,4102,48,32,5.98,156,1,21607
Vivo,8,32,4147,48,32,6.42,219,0,24464
Realme,3,512,5518,64,12,6.59,199,1,19524
Vivo,3,32,4241,48,16,6.34,170,1,16811
Apple,12,32,3515,48,8,6.76,212,0,25511
OnePlus,12,64,4625,50,16,6.4,217,1,32017
Realme,6,512,4127,64,16,5.58,188,1,28154
Motorola,4,256,3392,48,32,5.5,141,1,22753
Realme,8,64,3630,48,8,6.32,187,0,15852
Realme,6,32,4847,64,16,5.37,153,0,13260
Oppo,12,32,5655,108,16,5.18,198,1,30418
Realme,8,32,3979,64,8,6.01,197,0,19361
Motorola,12,512,3433,50,32,6.56,197,1,31761
Vivo,8,512,5587,108,16,5.19,190,1,26547
Realme,4,64,3277,12,12,6.5,223,0,13908
Xiaomi,6,256,3232,64,16,6.54,141,1,21009
OnePlus,8,64,4552,50,12,5.92,180,1,19775
Realme,3,128,4594,108,32,5.11,222,0,18506
OnePlus,3,32,4113,64,16,5.33,221,1,13739
Xiaomi,8,32,5409,48,8,6.34,155,1,27174
Xiaomi,8,32,3025,64,8,6.35,143,1,27345
OnePlus,8,64,4417,12,16,6.71,151,1,22491
Samsung,3,64,5554,64,32,6.11,168,1,14963
Apple,3,32,5314,108,32,5.24,146,1,16016
Oppo,8,64,3460,108,8,5.23,153,1,23707
Samsung,12,512,5503,64,16,6.37,151,1,39848
Samsung,12,512,4091,108,32,5.35,144,1,30379
Vivo,4,64,4006,48,8,5.62,220,1,15797
Oppo,6,32,5910,64,12,5.93,171,0,15994
Oppo,12,64,4994,48,16,5.05,213,1,28479
Samsung,3,64,3490,48,12,5.47,182,1,12738
Realme,12,64,4072,50,12,5.77,220,0,27960
Vivo,4,128,5611,64,32,5.53,208,1,21329
Vivo,4,512,3215,108,32,5.26,184,0,22185
Xiaomi,6,256,4723,48,32,6.38,148,0,18234
Motorola,12,256,4592,50,16,6.54,188,1,27135
Oppo,3,128,5606,64,12,5.49,172,1,16611
Samsung,3,64,3158,64,16,6.47,157,0,10363
Xiaomi,8,128,5536,12,32,5.73,148,1,24826
OnePlus,3,128,3685,12,12,5.96,201,1,16622
Apple,6,32,5841,48,16,6.63,196,0,14275
Motorola,6,512,4776,12,16,6.42,168,1,25800
Motorola,3,256,5052,48,8,6.53,217,1,18208
Motorola,3,64,4843,108,16,5.26,164,1,16380
Vivo,8,256,5408,48,32,5.13,154,1,30262
OnePlus,3,256,5506,12,16,6.7,145,1,21903
Motorola,8,512,5295,108,12,5.74,181,0,23805
OnePlus,8,256,4589,12,16,5.55,168,0,17888
Realme,3,256,4696,48,8,6.38,218,1,18634
Motorola,4,128,5993,50,12,6.59,143,1,19074
Apple,4,512,5469,64,12,6.64,221,0,23775
OnePlus,8,32,4946,12,8,5.6,196,1,26422
OnePlus,3,64,5062,48,32,6.62,188,1,19914
Apple,4,256,5783,108,12,5.08,183,0,21325
Motorola,3,64,4145,12,32,5.09,219,0,11783
Apple,3,32,5324,12,12,6.18,214,1,19981
OnePlus,3,64,4581,64,12,5.12,153,1,12531
Apple,12,32,5500,48,32,5.62,142,0,23253
OnePlus,3,128,5645,50,12,6.28,201,1,13344
OnePlus,12,256,5493,108,32,5.64,203,1,35852
Realme,8,32,5257,48,8,5.34,184,1,28513
Samsung,4,64,5761,108,32,5.53,221,0,16710
OnePlus,4,256,5349,12,8,5.87,197,1,17897
Motorola,4,128,4932,64,12,5.9,159,1,14582
Xiaomi,4,256,4757,64,32,6.49,197,1,22632
